id,first_name,last_name,email,gender
1,Becky,Archer,barcher0@meetup.com,Female
2,Cheri,Knewstub,cknewstub1@ca.gov,Female
3,Jerrine,McClancy,jmcclancy2@webeden.co.uk,Female
4,Sabra,Dearnaley,sdearnaley3@cocolog-nifty.com,Female
5,Odelia,Norval,onorval4@ca.gov,Female
6,Mahmud,Klimt,mklimt5@apple.com,Male
7,Brooke,McKevany,bmckevany6@yandex.ru,Male
8,Rhoda,Hagland,rhagland7@springer.com,Female
9,Aguie,Shoobridge,ashoobridge8@icio.us,Male
10,Panchito,McAnulty,pmcanulty9@fda.gov,Male
11,Alon,Innott,ainnotta@guardian.co.uk,Male
12,Dredi,Oxburgh,doxburghb@marketwatch.com,Female
13,Gabriell,Elves,gelvesc@blinklist.com,Female
14,Siward,Eskell,seskelld@amazon.com,Male
15,Sallie,Stathor,sstathore@over-blog.com,Female
16,Jim,Lawrey,jlawreyf@hud.gov,Male
17,Avram,Rickis,arickisg@youtube.com,Male
18,Upton,Worviell,uworviellh@cloudflare.com,Male
19,Hedwig,Sergeaunt,hsergeaunti@cloudflare.com,Agender
20,Wadsworth,Stores,wstoresj@webeden.co.uk,Male
21,Esra,Kleimt,ekleimtk@storify.com,Male
22,Mil,Rillett,mrillettl@auda.org.au,Female
23,Thomas,Bakster,tbaksterm@dion.ne.jp,Genderqueer
24,Mathilda,Gilroy,mgilroyn@sfgate.com,Female
25,Brynna,Moulsdale,bmoulsdaleo@umn.edu,Female
26,Esme,Hurford,ehurfordp@census.gov,Male
27,Hendrick,McCloid,hmccloidq@moonfruit.com,Male
28,Arlena,Romeril,aromerilr@cnet.com,Female
29,Melisa,Farren,mfarrens@spiegel.de,Female
30,Bax,De Avenell,bdeavenellt@newsvine.com,Male
31,Jory,Chart,jchartu@sphinn.com,Male
32,Leroy,O' Donohoe,lodonohoev@pinterest.com,Genderqueer
33,Kassia,Beddoes,kbeddoesw@unblog.fr,Female
34,Nata,Ganley,nganleyx@behance.net,Female
35,Renae,Halliwell,rhalliwelly@tripod.com,Female
36,Brendis,Ferreira,bferreiraz@joomla.org,Male
37,Coleen,Sabbin,csabbin10@meetup.com,Female
38,Ashla,Vyvyan,avyvyan11@bravesites.com,Female
39,Jemmie,Loos,jloos12@1und1.de,Female
40,Vivie,Goolden,vgoolden13@reference.com,Female
41,Ara,Galia,agalia14@yelp.com,Female
42,Nelly,Burdass,nburdass15@ow.ly,Female
43,Scottie,Roman,sroman16@163.com,Male
44,Parke,McMurdo,pmcmurdo17@tripadvisor.com,Male
45,Dickie,MacConnal,dmacconnal18@quantcast.com,Male
46,Lazar,Wadelin,lwadelin19@edublogs.org,Male
47,Malynda,Whitemarsh,mwhitemarsh1a@businessinsider.com,Female
48,Elwood,Rossoni,erossoni1b@discuz.net,Male
49,Thorndike,Kirkland,tkirkland1c@wikimedia.org,Male
50,Marci,Graddell,mgraddell1d@fda.gov,Female
51,Alexina,Attoe,aattoe1e@cafepress.com,Female
52,Ivonne,Bloys,ibloys1f@miitbeian.gov.cn,Female
53,Jeffy,Broadway,jbroadway1g@bbb.org,Male
54,Rani,Aucutt,raucutt1h@java.com,Female
55,Fabio,Gisbye,fgisbye1i@barnesandnoble.com,Male
56,Devan,Oak,doak1j@digg.com,Female
57,Niko,Kingswoode,nkingswoode1k@nymag.com,Male
58,Tory,Petow,tpetow1l@xing.com,Female
59,Stavro,MacCollom,smaccollom1m@istockphoto.com,Genderfluid
60,Novelia,Kenvin,nkenvin1n@guardian.co.uk,Female
61,Kathi,O'Sharry,kosharry1o@a8.net,Female
62,Lesley,McCooke,lmccooke1p@prweb.com,Male
63,Guillemette,Westmerland,gwestmerland1q@phoca.cz,Female
64,Kimball,Crabtree,kcrabtree1r@edublogs.org,Male
65,Leesa,Etienne,letienne1s@yellowbook.com,Female
66,Aloise,Ibbitt,aibbitt1t@archive.org,Non-binary
67,Laverna,Thurstance,lthurstance1u@imdb.com,Female
68,Ola,Girone,ogirone1v@theguardian.com,Female
69,Ware,Iashvili,wiashvili1w@psu.edu,Male
70,Veriee,Wolledge,vwolledge1x@bigcartel.com,Agender
71,Noll,MacTrustram,nmactrustram1y@cbc.ca,Male
72,Holt,Ivakhnov,hivakhnov1z@nyu.edu,Male
73,Doralynn,Perin,dperin20@ovh.net,Female
74,Chelsey,Kerfoot,ckerfoot21@howstuffworks.com,Female
75,Petronilla,de Marco,pdemarco22@networkadvertising.org,Female
76,Marietta,Zielinski,mzielinski23@globo.com,Polygender
77,Edythe,Parmley,eparmley24@hhs.gov,Female
78,Jory,Smitheman,jsmitheman25@phpbb.com,Male
79,Dena,Fortnon,dfortnon26@ycombinator.com,Female
80,Zedekiah,Dive,zdive27@pcworld.com,Male
81,Alford,Heys,aheys28@lulu.com,Male
82,Tamiko,Downham,tdownham29@constantcontact.com,Female
83,Lindsay,Szapiro,lszapiro2a@wired.com,Female
84,Ora,Dorie,odorie2b@discuz.net,Female
85,Latrina,Rennicks,lrennicks2c@rediff.com,Female
86,Shara,Addyman,saddyman2d@csmonitor.com,Female
87,Aurie,Roslen,aroslen2e@timesonline.co.uk,Female
88,Haily,Cruse,hcruse2f@tuttocitta.it,Male
89,Damien,Lakes,dlakes2g@huffingtonpost.com,Male
90,Alvis,Tremblot,atremblot2h@microsoft.com,Male
91,Mackenzie,Francesconi,mfrancesconi2i@bluehost.com,Male
92,Lloyd,Bresner,lbresner2j@nymag.com,Male
93,Gerianne,Niesel,gniesel2k@reverbnation.com,Female
94,Blondell,Gareisr,bgareisr2l@usnews.com,Female
95,Adelice,Joddens,ajoddens2m@nyu.edu,Female
96,Barnie,Attwell,battwell2n@ebay.co.uk,Male
97,Wilek,Rupprecht,wrupprecht2o@dagondesign.com,Male
98,Fey,Bollom,fbollom2p@elpais.com,Female
99,Ezmeralda,Gush,egush2q@multiply.com,Female
100,Starlene,Aleksandrev,saleksandrev2r@booking.com,Female
101,Gilberta,MacGillacolm,gmacgillacolm2s@tuttocitta.it,Female
102,Lazaro,Forge,lforge2t@seattletimes.com,Male
103,Aida,Zellick,azellick2u@auda.org.au,Female
104,Barnard,McCraw,bmccraw2v@chronoengine.com,Male
105,Nadia,Antoniutti,nantoniutti2w@canalblog.com,Female
106,Eydie,Tomsen,etomsen2x@techcrunch.com,Female
107,Audrye,Iacovazzi,aiacovazzi2y@networkadvertising.org,Polygender
108,Stella,Idwal Evans,sidwalevans2z@dailymail.co.uk,Female
109,Claudette,Messham,cmessham30@smugmug.com,Female
110,Brigid,Hort,bhort31@soundcloud.com,Female
111,Mannie,Bone,mbone32@privacy.gov.au,Male
112,Milicent,Tarrier,mtarrier33@fema.gov,Female
113,Alberto,Morde,amorde34@bing.com,Male
114,Tully,Giacoboni,tgiacoboni35@blog.com,Male
115,Ferdie,Ilewicz,filewicz36@spotify.com,Male
116,Jeddy,Doerren,jdoerren37@ehow.com,Bigender
117,Daisy,Faloon,dfaloon38@reddit.com,Female
118,Bogart,Reekie,breekie39@sfgate.com,Bigender
119,Codi,Ksandra,cksandra3a@nasa.gov,Female
120,Yovonnda,Cuckoo,ycuckoo3b@addtoany.com,Female
121,Darin,Dwyr,ddwyr3c@slate.com,Male
122,Arlina,Fer,afer3d@zdnet.com,Female
123,Griswold,Alti,galti3e@springer.com,Male
124,Wyatt,Artiss,wartiss3f@europa.eu,Male
125,Harri,Iowarch,hiowarch3g@facebook.com,Female
126,Cointon,Charlin,ccharlin3h@nyu.edu,Male
127,Benoite,Lattie,blattie3i@booking.com,Female
128,Dene,MacCosto,dmaccosto3j@chicagotribune.com,Male
129,Tani,Cominello,tcominello3k@dedecms.com,Female
130,Leeanne,Boate,lboate3l@slashdot.org,Female
131,Corrianne,Longfut,clongfut3m@ning.com,Female
132,Leopold,Chilcotte,lchilcotte3n@google.it,Male
133,Dian,Maidstone,dmaidstone3o@nih.gov,Polygender
134,Mayer,Vogel,mvogel3p@friendfeed.com,Male
135,Jocelin,Bailey,jbailey3q@chron.com,Female
136,Freddie,Gateshill,fgateshill3r@hhs.gov,Male
137,Giacobo,Cregg,gcregg3s@indiatimes.com,Male
138,Terrijo,Verrall,tverrall3t@answers.com,Female
139,Gard,Cuffley,gcuffley3u@imdb.com,Male
140,Padget,Magnar,pmagnar3v@instagram.com,Male
141,Jerrome,Rainville,jrainville3w@mashable.com,Non-binary
142,Ned,Baskeyfield,nbaskeyfield3x@blogger.com,Male
143,Cy,Churms,cchurms3y@unblog.fr,Male
144,Godfree,Betteriss,gbetteriss3z@angelfire.com,Male
145,Marshal,Dadswell,mdadswell40@phoca.cz,Male
146,Cherin,Rebert,crebert41@theglobeandmail.com,Female
147,Shae,Gonzalvo,sgonzalvo42@ifeng.com,Female
148,Annabela,Murrill,amurrill43@youku.com,Non-binary
149,Emmy,Flindall,eflindall44@businesswire.com,Male
150,Berte,Craigmyle,bcraigmyle45@g.co,Female
151,Candy,MacBean,cmacbean46@comcast.net,Female
152,Ansell,Kuzma,akuzma47@virginia.edu,Genderqueer
153,Fee,Caughan,fcaughan48@wunderground.com,Male
154,Alisa,Shillaber,ashillaber49@marketwatch.com,Female
155,Sibyl,Bottrill,sbottrill4a@edublogs.org,Male
156,Terra,McGraw,tmcgraw4b@wikispaces.com,Female
157,Giustina,Conachy,gconachy4c@craigslist.org,Genderfluid
158,Stephan,Fryer,sfryer4d@mozilla.com,Male
159,Angil,Howcroft,ahowcroft4e@ezinearticles.com,Female
160,Tessy,Shortcliffe,tshortcliffe4f@netlog.com,Female
161,Isaak,Massel,imassel4g@ehow.com,Male
162,Conney,Tolefree,ctolefree4h@csmonitor.com,Male
163,Paulina,Neilson,pneilson4i@discuz.net,Female
164,Hayden,Estcot,hestcot4j@virginia.edu,Male
165,Kathrine,Bambrugh,kbambrugh4k@merriam-webster.com,Female
166,Marne,Broxton,mbroxton4l@addtoany.com,Female
167,Mavra,MacNeill,mmacneill4m@amazon.com,Female
168,Dania,New,dnew4n@artisteer.com,Female
169,Helene,Biernacki,hbiernacki4o@berkeley.edu,Female
170,Devinne,Gosse,dgosse4p@i2i.jp,Female
171,Ximenez,Buckthorpe,xbuckthorpe4q@nasa.gov,Male
172,Yule,Messitt,ymessitt4r@fc2.com,Male
173,Kristine,Swadlen,kswadlen4s@tmall.com,Female
174,Annmarie,Allitt,aallitt4t@webmd.com,Non-binary
175,Gunther,Brosoli,gbrosoli4u@blog.com,Male
176,Asa,Ellery,aellery4v@goodreads.com,Male
177,Christy,Quaif,cquaif4w@rediff.com,Female
178,Waverley,Kingaby,wkingaby4x@oracle.com,Male
179,Pernell,Taberner,ptaberner4y@yellowbook.com,Male
180,Padget,Shoute,pshoute4z@omniture.com,Male
181,Meyer,Fawdrie,mfawdrie50@sina.com.cn,Male
182,Michaelina,Bleue,mbleue51@about.com,Female
183,Oliy,Ensor,oensor52@stanford.edu,Female
184,Archibaldo,Tween,atween53@nasa.gov,Agender
185,Witty,Hopewell,whopewell54@rambler.ru,Male
186,Michelina,Curreen,mcurreen55@latimes.com,Female
187,Edmon,Larder,elarder56@yellowbook.com,Male
188,Yanaton,Rundle,yrundle57@topsy.com,Male
189,Levi,L'Hommeau,llhommeau58@nbcnews.com,Genderfluid
190,Harrie,Reek,hreek59@google.com.hk,Female
191,Marketa,McNiff,mmcniff5a@seesaa.net,Female
192,Collin,Rosencrantz,crosencrantz5b@goo.gl,Male
193,Emile,Spinello,espinello5c@shutterfly.com,Male
194,Mariana,Markwell,mmarkwell5d@umn.edu,Female
195,Ferd,Sugars,fsugars5e@nationalgeographic.com,Male
196,Nyssa,Ziem,nziem5f@nasa.gov,Female
197,Cello,Burwin,cburwin5g@hud.gov,Male
198,Malorie,Russ,mruss5h@telegraph.co.uk,Female
199,Marlane,Pepall,mpepall5i@unc.edu,Genderqueer
200,Giffie,Powder,gpowder5j@devhub.com,Male
201,Humfrey,Moye,hmoye5k@tripod.com,Male
202,Adolpho,Kelledy,akelledy5l@independent.co.uk,Male
203,Adele,Caldero,acaldero5m@free.fr,Female
204,Clement,McKee,cmckee5n@icq.com,Male
205,Karlens,Stringfellow,kstringfellow5o@statcounter.com,Male
206,Terry,Neno,tneno5p@friendfeed.com,Female
207,Dolf,Reyes,dreyes5q@phoca.cz,Polygender
208,Gene,Pachta,gpachta5r@hibu.com,Female
209,Mitzi,Hay,mhay5s@acquirethisname.com,Female
210,Anabel,Degg,adegg5t@rambler.ru,Female
211,Adair,Poundsford,apoundsford5u@bloglovin.com,Male
212,Robert,Blackham,rblackham5v@zimbio.com,Male
213,Laurens,Garfitt,lgarfitt5w@cnn.com,Male
214,Lisbeth,Hickinbottom,lhickinbottom5x@engadget.com,Female
215,Kyla,Ledster,kledster5y@vimeo.com,Agender
216,Matti,Bembrick,mbembrick5z@amazon.de,Female
217,Fielding,Gamell,fgamell60@businessweek.com,Male
218,Nathanael,Domini,ndomini61@unc.edu,Male
219,Amii,Delafoy,adelafoy62@networksolutions.com,Female
220,Clive,Local,clocal63@meetup.com,Male
221,Lilian,Trevillion,ltrevillion64@smh.com.au,Female
222,Corine,Ipwell,cipwell65@seesaa.net,Female
223,Budd,Emmer,bemmer66@vk.com,Male
224,Valli,Dundredge,vdundredge67@cyberchimps.com,Female
225,Raoul,Nolte,rnolte68@usnews.com,Male
226,Nelly,Petrollo,npetrollo69@utexas.edu,Bigender
227,Janek,Pattullo,jpattullo6a@stanford.edu,Male
228,Layton,Lebbern,llebbern6b@ask.com,Male
229,Meagan,Sidworth,msidworth6c@sphinn.com,Female
230,Irma,Dawkes,idawkes6d@businessinsider.com,Female
231,Der,Boullen,dboullen6e@google.com.br,Male
232,Jameson,Tonna,jtonna6f@bloglines.com,Male
233,Abbot,Stormont,astormont6g@google.de,Male
234,Petronilla,Cownden,pcownden6h@auda.org.au,Female
235,Cris,Crooke,ccrooke6i@cbslocal.com,Male
236,Enrique,Rickis,erickis6j@ifeng.com,Male
237,Sophia,Follan,sfollan6k@jugem.jp,Female
238,Dar,Yole,dyole6l@addtoany.com,Male
239,Hi,Aulds,haulds6m@bloglines.com,Male
240,Lethia,Balchin,lbalchin6n@hc360.com,Female
241,Ade,Ludmann,aludmann6o@goodreads.com,Male
242,Karlan,Snaddon,ksnaddon6p@cloudflare.com,Male
243,Israel,Shalcras,ishalcras6q@geocities.com,Male
244,Ivy,Gethyn,igethyn6r@fda.gov,Female
245,Kristofer,Caldera,kcaldera6s@stanford.edu,Male
246,Batsheva,Meadowcroft,bmeadowcroft6t@xinhuanet.com,Bigender
247,Farlay,Mansuer,fmansuer6u@wp.com,Male
248,Kingsly,Mawer,kmawer6v@arstechnica.com,Male
249,Suki,Cooke,scooke6w@posterous.com,Female
250,Gannie,Coard,gcoard6x@fema.gov,Male
251,Redford,Arnall,rarnall6y@theguardian.com,Male
252,Merle,Parkeson,mparkeson6z@ftc.gov,Female
253,Tiertza,Emeney,temeney70@bloglovin.com,Female
254,Carey,Tallon,ctallon71@sbwire.com,Male
255,Anna,Burden,aburden72@tripod.com,Female
256,Torie,McCadden,tmccadden73@alibaba.com,Female
257,Lazar,Troy,ltroy74@cnn.com,Male
258,Jorge,Coneau,jconeau75@spotify.com,Male
259,Revkah,Rickcord,rrickcord76@vinaora.com,Female
260,Chev,Blaksland,cblaksland77@bing.com,Male
261,Sarita,Vearncombe,svearncombe78@mapquest.com,Female
262,Berton,Peaker,bpeaker79@cdbaby.com,Male
263,Donny,Kibbee,dkibbee7a@oracle.com,Female
264,Shari,Heyward,sheyward7b@ow.ly,Female
265,Gabi,Fittis,gfittis7c@engadget.com,Female
266,Cookie,Lack,clack7d@rakuten.co.jp,Female
267,Chandal,Eglington,ceglington7e@time.com,Female
268,Valentin,Klosges,vklosges7f@sphinn.com,Non-binary
269,Anatol,Cafferky,acafferky7g@rambler.ru,Male
270,Therine,Kellen,tkellen7h@admin.ch,Female
271,Roderich,Angerstein,rangerstein7i@biglobe.ne.jp,Male
272,Camila,Leeman,cleeman7j@nifty.com,Female
273,Burty,Terbruggen,bterbruggen7k@furl.net,Male
274,Taite,Mitchiner,tmitchiner7l@intel.com,Male
275,Cleon,Tewkesbury.,ctewkesbury7m@tumblr.com,Male
276,Hewe,Gutierrez,hgutierrez7n@redcross.org,Male
277,Cinnamon,Blaber,cblaber7o@networksolutions.com,Female
278,Kerstin,Grunson,kgrunson7p@google.com.au,Genderfluid
279,Norma,Uttermare,nuttermare7q@xing.com,Female
280,Wittie,Ioannou,wioannou7r@go.com,Male
281,Ilyse,Boseley,iboseley7s@illinois.edu,Female
282,Lorri,Galway,lgalway7t@guardian.co.uk,Female
283,Tressa,Chaudret,tchaudret7u@wiley.com,Female
284,Hershel,De Normanville,hdenormanville7v@oakley.com,Male
285,Nikolas,Baker,nbaker7w@arizona.edu,Male
286,Fanya,Cadwallader,fcadwallader7x@dot.gov,Female
287,Rickard,Bernardino,rbernardino7y@goodreads.com,Male
288,Rutherford,Javes,rjaves7z@nsw.gov.au,Male
289,Herschel,Snelle,hsnelle80@google.com.hk,Male
290,Noland,Subhan,nsubhan81@bluehost.com,Male
291,Stephine,Sinyard,ssinyard82@whitehouse.gov,Female
292,Ogdan,Feak,ofeak83@artisteer.com,Male
293,Ham,Munn,hmunn84@technorati.com,Male
294,Walton,Andrey,wandrey85@nymag.com,Male
295,Sidney,Kull,skull86@hibu.com,Male
296,Kennan,Chaplyn,kchaplyn87@bloglines.com,Male
297,Hersh,Bellsham,hbellsham88@wikispaces.com,Male
298,Siward,Trevett,strevett89@apache.org,Male
299,Ola,Witz,owitz8a@pagesperso-orange.fr,Female
300,Elvina,Gallager,egallager8b@dion.ne.jp,Female
301,Karena,Kyteley,kkyteley8c@ycombinator.com,Female
302,Oliviero,Chesley,ochesley8d@mapquest.com,Male
303,Agnes,Kopfer,akopfer8e@cdc.gov,Female
304,Abie,Stoffers,astoffers8f@reverbnation.com,Male
305,Richart,Echelle,rechelle8g@pinterest.com,Male
306,Jessie,Llewhellin,jllewhellin8h@naver.com,Female
307,Bealle,Boam,bboam8i@com.com,Male
308,Petey,Govey,pgovey8j@sourceforge.net,Male
309,Chan,Arboin,carboin8k@hao123.com,Male
310,Wyatan,Dearell,wdearell8l@jalbum.net,Male
311,Gunter,Goudie,ggoudie8m@imageshack.us,Male
312,Waverley,Mulvany,wmulvany8n@epa.gov,Male
313,Giacomo,Ivetts,givetts8o@google.com.hk,Male
314,Robin,Priestman,rpriestman8p@cocolog-nifty.com,Female
315,Leta,Whife,lwhife8q@stanford.edu,Female
316,Lion,Vinecombe,lvinecombe8r@smh.com.au,Male
317,Natasha,Eckart,neckart8s@ameblo.jp,Female
318,Wright,Logesdale,wlogesdale8t@nih.gov,Male
319,Idelle,Lawn,ilawn8u@statcounter.com,Female
320,Vick,Kalberer,vkalberer8v@gmpg.org,Male
321,Haley,Iwanczyk,hiwanczyk8w@simplemachines.org,Bigender
322,Noelani,Novotni,nnovotni8x@geocities.jp,Female
323,Kane,Deschlein,kdeschlein8y@indiatimes.com,Genderqueer
324,Anthony,Tilt,atilt8z@google.es,Male
325,Errick,Heineke,eheineke90@so-net.ne.jp,Male
326,Shurwood,Champ,schamp91@howstuffworks.com,Male
327,Rhianon,Miskelly,rmiskelly92@sciencedaily.com,Female
328,Donna,Connaughton,dconnaughton93@t.co,Female
329,Orv,Adolthine,oadolthine94@imgur.com,Male
330,Laurie,Esson,lesson95@toplist.cz,Female
331,Seumas,Kasher,skasher96@istockphoto.com,Male
332,Bret,Holby,bholby97@utexas.edu,Male
333,May,Tolomelli,mtolomelli98@mit.edu,Female
334,Judah,Iannetti,jiannetti99@fc2.com,Male
335,Codie,Mapplebeck,cmapplebeck9a@cargocollective.com,Female
336,Damian,Longford,dlongford9b@amazon.co.uk,Male
337,Karoly,Brecher,kbrecher9c@kickstarter.com,Female
338,Dexter,Errett,derrett9d@spotify.com,Male
339,Calla,Marples,cmarples9e@rakuten.co.jp,Female
340,Biddy,Pancoust,bpancoust9f@istockphoto.com,Female
341,Ninnette,Bortoletti,nbortoletti9g@theguardian.com,Female
342,Blake,Clewlowe,bclewlowe9h@marriott.com,Bigender
343,Alisander,Giovanitti,agiovanitti9i@yahoo.co.jp,Male
344,Darryl,Franceschelli,dfranceschelli9j@loc.gov,Female
345,Redford,Lochran,rlochran9k@deviantart.com,Male
346,Ernie,Raitie,eraitie9l@sbwire.com,Male
347,Roxy,Levermore,rlevermore9m@flavors.me,Female
348,Nerti,Ruslinge,nruslinge9n@cam.ac.uk,Agender
349,Jayme,McCalum,jmccalum9o@histats.com,Male
350,Randall,Gribble,rgribble9p@weather.com,Male
351,Finlay,Camidge,fcamidge9q@i2i.jp,Male
352,Lizzy,Castana,lcastana9r@tuttocitta.it,Female
353,Kaye,Waterworth,kwaterworth9s@topsy.com,Female
354,Gifford,Skinley,gskinley9t@answers.com,Male
355,Corina,Dacks,cdacks9u@desdev.cn,Female
356,Vail,Ronisch,vronisch9v@amazon.co.uk,Male
357,Christy,Mackstead,cmackstead9w@reuters.com,Female
358,Noll,Jurewicz,njurewicz9x@upenn.edu,Male
359,Halley,Luety,hluety9y@vkontakte.ru,Female
360,Ali,Mufford,amufford9z@ustream.tv,Female
361,Cynthea,Wandrich,cwandricha0@telegraph.co.uk,Female
362,Reggie,Reyes,rreyesa1@clickbank.net,Female
363,Kirby,Jeynes,kjeynesa2@prnewswire.com,Female
364,Herrick,Leggs,hleggsa3@bigcartel.com,Male
365,Darlleen,Foulcher,dfoulchera4@hp.com,Agender
366,Cara,Panichelli,cpanichellia5@bloglovin.com,Female
367,Janette,Phillot,jphillota6@pagesperso-orange.fr,Female
368,Renaldo,Thundercliffe,rthundercliffea7@xrea.com,Male
369,Bernette,Elacoate,belacoatea8@hhs.gov,Female
370,Layne,Towriss,ltowrissa9@bloomberg.com,Non-binary
371,Randolph,Tour,rtouraa@nationalgeographic.com,Male
372,Gavra,Skiggs,gskiggsab@desdev.cn,Female
373,Ulrick,Tooby,utoobyac@spiegel.de,Non-binary
374,Orion,Stairmand,ostairmandad@go.com,Genderqueer
375,Eve,Tonbridge,etonbridgeae@sogou.com,Polygender
376,Peta,De Castri,pdecastriaf@ezinearticles.com,Female
377,Gerardo,Shalcras,gshalcrasag@sphinn.com,Male
378,Ianthe,Wisam,iwisamah@jiathis.com,Genderfluid
379,Cassaundra,Aymer,caymerai@facebook.com,Female
380,Tobiah,Rosiello,trosielloaj@state.tx.us,Male
381,Bunni,Kopfer,bkopferak@4shared.com,Polygender
382,Ros,Kevlin,rkevlinal@toplist.cz,Female
383,Kalle,Worsfold,kworsfoldam@cbsnews.com,Genderqueer
384,Cheryl,Tompkiss,ctompkissan@surveymonkey.com,Female
385,Yuri,Thomsen,ythomsenao@1und1.de,Male
386,Valma,Kinnar,vkinnarap@imdb.com,Female
387,Ferne,Kaliszewski,fkaliszewskiaq@ucoz.ru,Genderfluid
388,Pansy,Dell Casa,pdellcasaar@nih.gov,Female
389,Blondelle,Speke,bspekeas@si.edu,Female
390,Ripley,Mandifield,rmandifieldat@ocn.ne.jp,Male
391,Pattie,Biskupek,pbiskupekau@wiley.com,Male
392,Uri,Browell,ubrowellav@imgur.com,Male
393,Pablo,Dinneen,pdinneenaw@statcounter.com,Male
394,Felipe,Jillitt,fjillittax@edublogs.org,Male
395,Orelee,Nickerson,onickersonay@fda.gov,Female
396,Peggie,Thorpe,pthorpeaz@weather.com,Female
397,Blayne,Krolman,bkrolmanb0@disqus.com,Male
398,Noelyn,Philipp,nphilippb1@homestead.com,Female
399,Orelie,Dooley,odooleyb2@apple.com,Female
400,Worth,Schroter,wschroterb3@wikia.com,Male
401,Hannah,Gladyer,hgladyerb4@technorati.com,Female
402,Woodie,Mixture,wmixtureb5@biglobe.ne.jp,Male
403,Scot,Vanetti,svanettib6@icq.com,Male
404,Pepito,Coulson,pcoulsonb7@ycombinator.com,Male
405,Orville,Wahner,owahnerb8@earthlink.net,Male
406,Erick,Silson,esilsonb9@spiegel.de,Male
407,Pavla,Brolan,pbrolanba@ycombinator.com,Non-binary
408,Pansie,Cresswell,pcresswellbb@aol.com,Female
409,Minnaminnie,Gerbel,mgerbelbc@tuttocitta.it,Female
410,Shandee,Lenormand,slenormandbd@reverbnation.com,Female
411,Sauncho,Stiff,sstiffbe@angelfire.com,Male
412,Barb,Stollmeyer,bstollmeyerbf@dot.gov,Female
413,Beverlie,Lounds,bloundsbg@devhub.com,Female
414,Diandra,Lavrick,dlavrickbh@ted.com,Female
415,Clerkclaude,Curle,ccurlebi@ox.ac.uk,Male
416,Loreen,Itscowics,litscowicsbj@cnbc.com,Female
417,Delcina,Stockings,dstockingsbk@webs.com,Female
418,Cherida,Fern,cfernbl@businessinsider.com,Female
419,Theodore,Baltrushaitis,tbaltrushaitisbm@netvibes.com,Male
420,Belvia,Scotson,bscotsonbn@gravatar.com,Female
421,Thaxter,O'Sheilds,tosheildsbo@4shared.com,Male
422,Gregory,Dabinett,gdabinettbp@mtv.com,Male
423,Geoffry,Kilty,gkiltybq@xing.com,Male
424,Bertram,Arlett,barlettbr@baidu.com,Male
425,Sanford,Yakobovicz,syakoboviczbs@booking.com,Genderqueer
426,Lawrence,Salmons,lsalmonsbt@mashable.com,Male
427,Blair,Sharland,bsharlandbu@nih.gov,Male
428,Damian,Mebes,dmebesbv@ow.ly,Male
429,Jermain,Scanlon,jscanlonbw@1688.com,Male
430,Clarence,Frugier,cfrugierbx@geocities.com,Male
431,Rolph,Nesbit,rnesbitby@canalblog.com,Male
432,Camella,Cremer,ccremerbz@bing.com,Female
433,Zechariah,Paulon,zpaulonc0@mozilla.com,Male
434,Harald,Andrioli,handriolic1@delicious.com,Male
435,Kermie,Dorin,kdorinc2@ftc.gov,Male
436,Kristofer,Cuerda,kcuerdac3@odnoklassniki.ru,Male
437,Karmen,Quarrie,kquarriec4@reverbnation.com,Female
438,Gustavo,O'Hingerty,gohingertyc5@wordpress.com,Male
439,Onfre,Maleby,omalebyc6@mayoclinic.com,Male
440,Jelene,Colecrough,jcolecroughc7@networkadvertising.org,Female
441,Wildon,Raund,wraundc8@boston.com,Male
442,Cross,Willimont,cwillimontc9@umn.edu,Male
443,Cherey,Garvagh,cgarvaghca@eepurl.com,Female
444,Ailsun,Perocci,aperoccicb@pinterest.com,Non-binary
445,Geraldine,Martin,gmartincc@nbcnews.com,Female
446,Martha,Vost,mvostcd@independent.co.uk,Female
447,Yvon,Skyme,yskymece@forbes.com,Polygender
448,Dotti,Kelleher,dkellehercf@sun.com,Female
449,Barbee,Cornborough,bcornboroughcg@who.int,Female
450,Tobit,Tatam,ttatamch@howstuffworks.com,Male
451,Esme,Laxton,elaxtonci@ning.com,Male
452,Nickolas,Lardge,nlardgecj@trellian.com,Male
453,Mariana,Minet,mminetck@fc2.com,Female
454,Bertram,Folds,bfoldscl@microsoft.com,Male
455,Morgan,Turtle,mturtlecm@ox.ac.uk,Agender
456,Sid,Cribbins,scribbinscn@dedecms.com,Male
457,Richart,Pestricke,rpestrickeco@chron.com,Male
458,Lacey,Cordeix,lcordeixcp@lycos.com,Female
459,Waneta,Attenbarrow,wattenbarrowcq@wiley.com,Female
460,Ravid,Michel,rmichelcr@stumbleupon.com,Male
461,Jolynn,Balaam,jbalaamcs@angelfire.com,Female
462,Nanette,Kloisner,nkloisnerct@usa.gov,Female
463,Rickard,Josipovitz,rjosipovitzcu@storify.com,Male
464,Caryn,Bartolacci,cbartolaccicv@europa.eu,Female
465,Floria,Lie,fliecw@baidu.com,Female
466,Zachery,Legrice,zlegricecx@moonfruit.com,Male
467,Daisy,Bolingbroke,dbolingbrokecy@cpanel.net,Female
468,Ethyl,Leimster,eleimstercz@earthlink.net,Female
469,Merwyn,Grishkov,mgrishkovd0@geocities.jp,Male
470,Currie,Kehoe,ckehoed1@ezinearticles.com,Male
471,Ezechiel,Tuhy,etuhyd2@prnewswire.com,Male
472,Artur,Deakan,adeakand3@archive.org,Male
473,Deane,Sinnett,dsinnettd4@ted.com,Genderfluid
474,Obadiah,Tillard,otillardd5@webeden.co.uk,Male
475,Carleton,Brainsby,cbrainsbyd6@rakuten.co.jp,Male
476,Olivero,Oakton,ooaktond7@stumbleupon.com,Male
477,Liva,Arnaudin,larnaudind8@hostgator.com,Female
478,Britt,Wanstall,bwanstalld9@ebay.co.uk,Male
479,Cinderella,Keymer,ckeymerda@moonfruit.com,Female
480,Carolan,Morgans,cmorgansdb@com.com,Female
481,Park,Gallear,pgalleardc@cam.ac.uk,Male
482,Barn,Boteman,bbotemandd@nhs.uk,Male
483,Thorsten,Vardey,tvardeyde@google.com,Male
484,Nancy,Ivancevic,nivancevicdf@jigsy.com,Female
485,Red,Crevagh,rcrevaghdg@gnu.org,Male
486,Obadias,Chatainier,ochatainierdh@dot.gov,Male
487,Maddie,Shearme,mshearmedi@google.com.au,Female
488,Elaina,Mabbs,emabbsdj@businessweek.com,Female
489,Dotti,Bahike,dbahikedk@blogs.com,Female
490,Elianora,Worsall,eworsalldl@furl.net,Female
491,Felicio,Bartolomeotti,fbartolomeottidm@earthlink.net,Genderqueer
492,Kelsy,Dowson,kdowsondn@google.com.au,Female
493,Tomi,Solesbury,tsolesburydo@sbwire.com,Female
494,Denise,Gladbach,dgladbachdp@fda.gov,Female
495,Sile,Belchamp,sbelchampdq@weibo.com,Female
496,Augusto,Alywen,aalywendr@youtu.be,Male
497,Sherwin,Haggeth,shaggethds@google.ru,Male
498,Alexi,Foy,afoydt@cnn.com,Female
499,Alic,Vedekhin,avedekhindu@sourceforge.net,Male
500,Devlin,Popland,dpoplanddv@theguardian.com,Male
501,Bili,Celier,bcelierdw@army.mil,Female
502,Haywood,Densie,hdensiedx@cyberchimps.com,Male
503,Brit,Bingley,bbingleydy@dailymail.co.uk,Female
504,Emmalee,Ballefant,eballefantdz@yelp.com,Female
505,Dehlia,Blader,dbladere0@fastcompany.com,Female
506,Gibby,Langthorne,glangthornee1@goo.ne.jp,Male
507,Erica,Croney,ecroneye2@toplist.cz,Bigender
508,Cristy,Elsie,celsiee3@dmoz.org,Female
509,Gaby,Lenoir,glenoire4@ca.gov,Male
510,Katie,Allsworth,kallsworthe5@hatena.ne.jp,Female
511,Louisa,Skoyles,lskoylese6@boston.com,Female
512,Ida,Cutchee,icutcheee7@yale.edu,Female
513,Gordy,Antonio,gantonioe8@arstechnica.com,Male
514,Gus,Lauder,glaudere9@sakura.ne.jp,Genderfluid
515,Maria,McKeating,mmckeatingea@wikia.com,Genderqueer
516,Karry,Matushevitz,kmatushevitzeb@si.edu,Female
517,Calida,Lindstrom,clindstromec@naver.com,Female
518,Papageno,Capron,pcaproned@blogger.com,Male
519,Augustine,Malyon,amalyonee@blogspot.com,Female
520,Tine,Fylan,tfylanef@twitpic.com,Female
521,Clo,Krzysztofiak,ckrzysztofiakeg@vk.com,Female
522,Lissy,Gullane,lgullaneeh@usnews.com,Female
523,Eberhard,Bridges,ebridgesei@example.com,Male
524,Aurthur,Wycliffe,awycliffeej@blog.com,Male
525,Norri,Kendell,nkendellek@yellowbook.com,Female
526,Danya,Ebanks,debanksel@theatlantic.com,Male
527,Miles,Roomes,mroomesem@cnbc.com,Male
528,Derry,Greveson,dgrevesonen@ezinearticles.com,Male
529,Samson,Hanniger,shannigereo@blogtalkradio.com,Male
530,Shelia,Maiklem,smaiklemep@europa.eu,Female
531,Tisha,Hannigane,thanniganeeq@google.co.jp,Female
532,Emelyne,Latehouse,elatehouseer@gmpg.org,Female
533,Neal,Wallbrook,nwallbrookes@senate.gov,Male
534,Nicolis,Steenson,nsteensonet@eepurl.com,Male
535,Ashla,Simenon,asimenoneu@unicef.org,Female
536,Agnola,Cobain,acobainev@pen.io,Female
537,Gifford,Baswall,gbaswallew@drupal.org,Male
538,Gonzales,Jacobsen,gjacobsenex@ibm.com,Male
539,Pattie,MacConnell,pmacconnelley@delicious.com,Male
540,Garrard,Coulter,gcoulterez@msn.com,Male
541,Shelley,Willwood,swillwoodf0@jalbum.net,Female
542,Lorne,Bukac,lbukacf1@amazonaws.com,Male
543,Giorgi,Samples,gsamplesf2@wix.com,Male
544,Ardys,Eccleshare,aecclesharef3@msn.com,Genderqueer
545,Sharlene,Longstreet,slongstreetf4@behance.net,Genderfluid
546,Isabella,Joan,ijoanf5@hugedomains.com,Female
547,Analiese,Mowsdell,amowsdellf6@tuttocitta.it,Female
548,Anastassia,Leacock,aleacockf7@t-online.de,Female
549,Dennis,Shoreson,dshoresonf8@techcrunch.com,Male
550,Gasper,Gatchel,ggatchelf9@aboutads.info,Male
551,Lanie,Lynock,llynockfa@bing.com,Male
552,Raven,Jarmain,rjarmainfb@cnbc.com,Female
553,Ogden,Jencey,ojenceyfc@infoseek.co.jp,Male
554,Glenn,Shoard,gshoardfd@nbcnews.com,Bigender
555,Ab,Godier,agodierfe@unblog.fr,Male
556,Zack,Muggleston,zmugglestonff@angelfire.com,Male
557,Aurelie,Brisland,abrislandfg@java.com,Female
558,Jackie,Bum,jbumfh@ebay.com,Male
559,Emiline,Blasius,eblasiusfi@umn.edu,Genderfluid
560,Hersh,Zorzoni,hzorzonifj@java.com,Male
561,Fiann,Camili,fcamilifk@ftc.gov,Female
562,Clea,Cussons,ccussonsfl@zimbio.com,Female
563,Riva,Bilsland,rbilslandfm@marriott.com,Female
564,Lev,Elverston,lelverstonfn@springer.com,Male
565,Tresa,Blemings,tblemingsfo@prlog.org,Female
566,Leonelle,Jellico,ljellicofp@epa.gov,Female
567,Sheelah,Roslen,sroslenfq@w3.org,Female
568,Teodor,Eldredge,teldredgefr@opera.com,Male
569,Jolee,Garric,jgarricfs@ted.com,Female
570,Meade,Ateggart,mateggartft@ehow.com,Female
571,Gradeigh,Binden,gbindenfu@ask.com,Male
572,Marjorie,Andrin,mandrinfv@miibeian.gov.cn,Female
573,Tris,Filgate,tfilgatefw@google.com,Male
574,Zackariah,Gittus,zgittusfx@wikispaces.com,Male
575,Linnet,Rivel,lrivelfy@shutterfly.com,Female
576,Catha,Sandham,csandhamfz@mediafire.com,Female
577,Eryn,Damato,edamatog0@theglobeandmail.com,Female
578,Sisely,Crecy,screcyg1@goo.ne.jp,Female
579,Boote,Bratt,bbrattg2@patch.com,Male
580,Ursa,Whitehorne,uwhitehorneg3@hibu.com,Female
581,Talbert,Palin,tpaling4@flavors.me,Male
582,Bentlee,Boissieux,bboissieuxg5@t.co,Male
583,Dalston,Cardoo,dcardoog6@amazon.co.uk,Male
584,Meir,McNeillie,mmcneillieg7@ca.gov,Male
585,Adolpho,Hancill,ahancillg8@cocolog-nifty.com,Male
586,Gwen,Brewers,gbrewersg9@addtoany.com,Polygender
587,Georgie,Tabord,gtabordga@google.cn,Female
588,Gratiana,Bothbie,gbothbiegb@sun.com,Female
589,Adriano,Michelle,amichellegc@devhub.com,Male
590,Eloisa,Bitten,ebittengd@unesco.org,Female
591,Stevena,Raith,sraithge@wikipedia.org,Female
592,Jorie,Greatham,jgreathamgf@shareasale.com,Female
593,Odelinda,Riddle,oriddlegg@1688.com,Female
594,Cindra,Montrose,cmontrosegh@soup.io,Female
595,Kincaid,Gomme,kgommegi@mail.ru,Male
596,Paddie,Murdy,pmurdygj@com.com,Male
597,Luelle,Semiras,lsemirasgk@mashable.com,Female
598,Domini,Toquet,dtoquetgl@mashable.com,Female
599,Vinny,Lethabridge,vlethabridgegm@bloomberg.com,Male
600,Reginald,Stubbington,rstubbingtongn@deviantart.com,Male
601,Jasmin,Gelardi,jgelardigo@businessweek.com,Agender
602,Marcela,Pordall,mpordallgp@t.co,Female
603,Estrellita,Grimbaldeston,egrimbaldestongq@shutterfly.com,Female
604,Tresa,Edy,tedygr@typepad.com,Female
605,Evelina,Densumbe,edensumbegs@dell.com,Female
606,Miguel,Bernhardi,mbernhardigt@wsj.com,Male
607,Nance,Tirkin,ntirkingu@archive.org,Female
608,Francklin,Brummell,fbrummellgv@aol.com,Polygender
609,Taddeo,Spadelli,tspadelligw@tinyurl.com,Male
610,Karola,Bassett,kbassettgx@theglobeandmail.com,Female
611,Hussein,Jiroutka,hjiroutkagy@facebook.com,Male
612,Delia,Chalcroft,dchalcroftgz@opera.com,Female
613,Manon,Kilborn,mkilbornh0@reuters.com,Female
614,Hilary,Artz,hartzh1@skyrock.com,Male
615,Tanya,Rollin,trollinh2@shinystat.com,Female
616,Romona,Stithe,rstitheh3@ft.com,Female
617,Maury,Bestall,mbestallh4@netvibes.com,Male
618,Abbie,Lazer,alazerh5@mozilla.com,Male
619,Denise,Dalinder,ddalinderh6@t-online.de,Female
620,Sarine,Moodie,smoodieh7@accuweather.com,Female
621,Pamela,Krysztofiak,pkrysztofiakh8@google.es,Female
622,Dexter,Shord,dshordh9@miitbeian.gov.cn,Male
623,Nellie,Oloshkin,noloshkinha@ibm.com,Female
624,Winfield,Caraher,wcaraherhb@simplemachines.org,Male
625,Mersey,Girardey,mgirardeyhc@theatlantic.com,Female
626,Olympia,Lambis,olambishd@theatlantic.com,Female
627,Burke,Girling,bgirlinghe@privacy.gov.au,Male
628,Terese,Traher,ttraherhf@cmu.edu,Female
629,Kendall,Dibbert,kdibberthg@imgur.com,Male
630,Vasili,De Cruz,vdecruzhh@soundcloud.com,Male
631,Hank,Espinheira,hespinheirahi@meetup.com,Male
632,Ethelyn,Water,ewaterhj@diigo.com,Female
633,Starlene,Batram,sbatramhk@skyrock.com,Female
634,Claudine,Capineer,ccapineerhl@parallels.com,Female
635,Roldan,Anwyl,ranwylhm@wp.com,Male
636,Kaylil,Joyce,kjoycehn@google.ru,Female
637,Vanni,Ravilus,vravilusho@reddit.com,Non-binary
638,Abbye,Dunford,adunfordhp@skype.com,Female
639,Sutherland,Mursell,smursellhq@example.com,Male
640,Phyllida,Boise,pboisehr@studiopress.com,Female
641,Cobbie,Dornin,cdorninhs@blinklist.com,Genderqueer
642,Townie,Dinley,tdinleyht@abc.net.au,Male
643,Anton,MacGebenay,amacgebenayhu@sakura.ne.jp,Male
644,Evangelina,Gooley,egooleyhv@yahoo.com,Female
645,Delcine,Benda,dbendahw@joomla.org,Female
646,Elberta,Gianolini,egianolinihx@amazonaws.com,Genderqueer
647,Opaline,Slemming,oslemminghy@seattletimes.com,Female
648,Jerome,Spooner,jspoonerhz@ifeng.com,Male
649,Lillis,Harrhy,lharrhyi0@mapy.cz,Bigender
650,Cal,Fuke,cfukei1@dailymotion.com,Male
651,Xylia,Labusquiere,xlabusquierei2@pagesperso-orange.fr,Female
652,Shandee,Kowalik,skowaliki3@wikispaces.com,Female
653,Hussein,Barton,hbartoni4@thetimes.co.uk,Male
654,Hastie,Lieber,hlieberi5@bandcamp.com,Male
655,Meg,Bowry,mbowryi6@amazon.co.uk,Female
656,Loutitia,Wildbore,lwildborei7@noaa.gov,Genderqueer
657,Tibold,Leonard,tleonardi8@washington.edu,Male
658,Rose,Accum,raccumi9@bing.com,Female
659,Engelbert,Cristofaro,ecristofaroia@google.pl,Male
660,Karleen,Jarritt,kjarrittib@reverbnation.com,Female
661,Dre,Enion,denionic@youtu.be,Female
662,Nan,Sandyford,nsandyfordid@wiley.com,Female
663,Channa,Annwyl,cannwylie@hatena.ne.jp,Female
664,Nathanial,Cordero,ncorderoif@booking.com,Male
665,Smith,Smethurst,ssmethurstig@mediafire.com,Male
666,Sandy,Lissandri,slissandriih@npr.org,Non-binary
667,Adelina,Sarle,asarleii@marketwatch.com,Female
668,Stefa,Dalby,sdalbyij@census.gov,Female
669,Lanie,Pakes,lpakesik@sbwire.com,Female
670,Debora,Camois,dcamoisil@ebay.com,Agender
671,Natalee,Blackham,nblackhamim@sina.com.cn,Female
672,Winny,Mougin,wmouginin@google.nl,Female
673,Jillie,Mattecot,jmattecotio@amazonaws.com,Female
674,Merwin,Gipson,mgipsonip@mozilla.com,Male
675,Mark,Howlett,mhowlettiq@elegantthemes.com,Male
676,Merv,Autry,mautryir@furl.net,Male
677,Fleurette,Medcalfe,fmedcalfeis@guardian.co.uk,Female
678,Salome,Daice,sdaiceit@miibeian.gov.cn,Female
679,Roberto,Jelk,rjelkiu@163.com,Male
680,Henriette,Finnis,hfinnisiv@goo.gl,Bigender
681,Sherm,Bertwistle,sbertwistleiw@hc360.com,Male
682,Galina,Clemonts,gclemontsix@edublogs.org,Non-binary
683,Ximenez,Edrich,xedrichiy@gizmodo.com,Male
684,Celka,Domingues,cdominguesiz@mozilla.com,Female
685,Siegfried,Dorsett,sdorsettj0@bbb.org,Male
686,Janot,Fulstow,jfulstowj1@booking.com,Female
687,Shell,Gosnell,sgosnellj2@taobao.com,Male
688,Ignaz,Zamudio,izamudioj3@friendfeed.com,Male
689,Gill,Hutton,ghuttonj4@topsy.com,Female
690,Gibb,Branchflower,gbranchflowerj5@booking.com,Male
691,Gaven,Vassbender,gvassbenderj6@merriam-webster.com,Male
692,Abbe,Dallas,adallasj7@tinypic.com,Male
693,Dorothee,Harbert,dharbertj8@ed.gov,Female
694,Gwenore,Szreter,gszreterj9@last.fm,Female
695,Lynette,Burbudge,lburbudgeja@ucla.edu,Female
696,Kinny,Wilshere,kwilsherejb@jalbum.net,Non-binary
697,Karlotte,Whereat,kwhereatjc@g.co,Female
698,Dennet,Muller,dmullerjd@tmall.com,Male
699,Ajay,Romme,arommeje@blogs.com,Female
700,Frasco,Kermath,fkermathjf@issuu.com,Male
701,Maggi,Hartright,mhartrightjg@bloglovin.com,Female
702,Alix,Juszczak,ajuszczakjh@bloglines.com,Female
703,Gunter,Paggitt,gpaggittji@microsoft.com,Male
704,Hilario,Govern,hgovernjj@google.es,Male
705,Emogene,Syers,esyersjk@fotki.com,Bigender
706,Gualterio,Firpi,gfirpijl@columbia.edu,Male
707,Bette-ann,Antrim,bantrimjm@telegraph.co.uk,Female
708,Marc,Ropkins,mropkinsjn@t.co,Male
709,Phillida,Dyment,pdymentjo@studiopress.com,Female
710,Lock,Battlestone,lbattlestonejp@spotify.com,Genderqueer
711,Zelig,Zanneli,zzannelijq@fotki.com,Male
712,Ferrell,Lorent,florentjr@cdbaby.com,Male
713,Emmeline,Goldster,egoldsterjs@google.co.jp,Female
714,Rutherford,Silbermann,rsilbermannjt@ow.ly,Male
715,Anet,Grunbaum,agrunbaumju@hexun.com,Female
716,Fraser,Adamsen,fadamsenjv@cam.ac.uk,Agender
717,Tucky,Farr,tfarrjw@digg.com,Male
718,Britta,Donet,bdonetjx@themeforest.net,Polygender
719,Terrell,Britten,tbrittenjy@sourceforge.net,Male
720,Corina,Thonger,cthongerjz@meetup.com,Female
721,Drake,Kermode,dkermodek0@auda.org.au,Male
722,Bard,Bosman,bbosmank1@boston.com,Non-binary
723,Leigh,Lesek,llesekk2@nydailynews.com,Male
724,Mureil,Larchier,mlarchierk3@pinterest.com,Female
725,Renate,Jellett,rjellettk4@sciencedirect.com,Female
726,Man,Kobieriecki,mkobierieckik5@boston.com,Male
727,Zita,Ritelli,zritellik6@google.de,Female
728,Catherin,Gosnell,cgosnellk7@mapy.cz,Female
729,Terencio,Seeviour,tseeviourk8@chicagotribune.com,Male
730,Dud,Dibbe,ddibbek9@blinklist.com,Male
731,Keary,Scathard,kscathardka@diigo.com,Male
732,Samuel,Petrasso,spetrassokb@nba.com,Male
733,Celle,MacCrachen,cmaccrachenkc@springer.com,Female
734,Carole,Puckinghorne,cpuckinghornekd@sphinn.com,Female
735,Therese,Carrington,tcarringtonke@woothemes.com,Genderfluid
736,Naoma,Lowson,nlowsonkf@ox.ac.uk,Female
737,Aridatha,Orr,aorrkg@unc.edu,Genderfluid
738,Gerianne,Whimp,gwhimpkh@examiner.com,Female
739,Weidar,Squires,wsquireski@constantcontact.com,Male
740,Cullin,Geri,cgerikj@chron.com,Male
741,Denny,Robottham,drobotthamkk@virginia.edu,Female
742,Udall,Dagnall,udagnallkl@chron.com,Male
743,Yvette,Riddeough,yriddeoughkm@engadget.com,Female
744,Tera,Galler,tgallerkn@craigslist.org,Female
745,Jessamine,Lippingwell,jlippingwellko@prlog.org,Female
746,Katuscha,Kynett,kkynettkp@unesco.org,Female
747,Kelsy,Truesdale,ktruesdalekq@delicious.com,Female
748,Cassius,Antowski,cantowskikr@yellowpages.com,Male
749,Sarah,Strangeways,sstrangewaysks@sohu.com,Female
750,Lauree,Cordero,lcorderokt@dmoz.org,Female
751,Velvet,Kear,vkearku@blinklist.com,Female
752,Kathryne,Shakespear,kshakespearkv@dailymail.co.uk,Female
753,Hector,Gaythorpe,hgaythorpekw@narod.ru,Bigender
754,Emyle,Collimore,ecollimorekx@uiuc.edu,Female
755,Morton,Eakens,meakensky@businesswire.com,Male
756,Barbette,Ardley,bardleykz@state.tx.us,Female
757,Clarey,Screas,cscreasl0@chronoengine.com,Female
758,Dennison,Derr,dderrl1@geocities.com,Male
759,Christoforo,Walworth,cwalworthl2@php.net,Male
760,Koressa,Boyton,kboytonl3@miitbeian.gov.cn,Genderfluid
761,Harrie,De Giorgio,hdegiorgiol4@auda.org.au,Female
762,Horace,Davsley,hdavsleyl5@cloudflare.com,Male
763,Randy,Doran,rdoranl6@google.com,Female
764,Gregorio,Terzza,gterzzal7@army.mil,Male
765,Wendeline,Belvard,wbelvardl8@sciencedaily.com,Female
766,Cherye,Dipple,cdipplel9@yellowbook.com,Female
767,Jonie,Cossor,jcossorla@cnn.com,Female
768,Laurette,Cull,lculllb@freewebs.com,Female
769,Weider,Clulee,wcluleelc@uol.com.br,Polygender
770,Maximo,Hasnney,mhasnneyld@google.com.au,Male
771,Webster,Sexstone,wsexstonele@angelfire.com,Male
772,Alf,Nesbit,anesbitlf@economist.com,Male
773,Hugo,Alberts,halbertslg@vkontakte.ru,Male
774,Hermia,Odde,hoddelh@ibm.com,Female
775,Clarence,Asp,caspli@ox.ac.uk,Male
776,Valle,Moodie,vmoodielj@ameblo.jp,Male
777,Melodee,Leele,mleelelk@toplist.cz,Female
778,Maxie,Wigfall,mwigfallll@cpanel.net,Female
779,Lonnie,Flageul,lflageullm@slashdot.org,Male
780,Ellswerth,Daysh,edayshln@discuz.net,Male
781,Maxwell,Baughen,mbaughenlo@hud.gov,Male
782,Tam,Bernardini,tbernardinilp@hostgator.com,Non-binary
783,Sloan,Pahler,spahlerlq@dagondesign.com,Male
784,Rene,Cornborough,rcornboroughlr@dedecms.com,Male
785,Maudie,Challicum,mchallicumls@engadget.com,Female
786,Joane,Godly,jgodlylt@si.edu,Female
787,Burke,Wolfindale,bwolfindalelu@webeden.co.uk,Male
788,Tomlin,Oxley,toxleylv@de.vu,Male
789,Lindsay,Wasteney,lwasteneylw@addthis.com,Male
790,Brewster,Cowl,bcowllx@twitpic.com,Male
791,Natalie,Carnew,ncarnewly@com.com,Female
792,Nikola,De Gogay,ndegogaylz@jigsy.com,Male
793,Hugo,Jaulmes,hjaulmesm0@archive.org,Male
794,Rosetta,Brandle,rbrandlem1@163.com,Female
795,Lulu,Fayerbrother,lfayerbrotherm2@odnoklassniki.ru,Female
796,Moreen,Alfonsetto,malfonsettom3@list-manage.com,Non-binary
797,Luce,Dugue,lduguem4@usnews.com,Male
798,Marietta,Krysztofowicz,mkrysztofowiczm5@wordpress.org,Male
799,Clair,Jaffra,cjaffram6@opensource.org,Male
800,Hamlen,Pionter,hpionterm7@trellian.com,Non-binary
801,Cassi,Toomey,ctoomeym8@mapquest.com,Female
802,Ladonna,Willoughby,lwilloughbym9@tuttocitta.it,Female
803,Tallou,Lucchi,tlucchima@spotify.com,Female
804,Jone,Giraudeau,jgiraudeaumb@wsj.com,Male
805,Angel,Temprell,atemprellmc@t.co,Agender
806,Sadella,Oakhill,soakhillmd@ca.gov,Female
807,Ernesto,Phipson,ephipsonme@com.com,Male
808,Louisette,Wetherald,lwetheraldmf@skyrock.com,Female
809,Bearnard,Bentz,bbentzmg@businessinsider.com,Male
810,Thadeus,Strongitharm,tstrongitharmmh@1und1.de,Male
811,Steve,Gilloran,sgilloranmi@ted.com,Male
812,Orazio,Pentin,opentinmj@exblog.jp,Male
813,Neall,Baynham,nbaynhammk@freewebs.com,Male
814,Ina,Jentet,ijentetml@drupal.org,Female
815,Melantha,Ruggieri,mruggierimm@hhs.gov,Female
816,Lauri,Claxson,lclaxsonmn@prnewswire.com,Female
817,Crissie,Somerscales,csomerscalesmo@t-online.de,Female
818,Jerome,Perin,jperinmp@google.com.hk,Male
819,Aldric,Froude,afroudemq@msn.com,Male
820,Jeane,Gelderd,jgelderdmr@wunderground.com,Female
821,Catarina,Dewbury,cdewburyms@ning.com,Female
822,Raymund,Leynham,rleynhammt@aboutads.info,Male
823,Krispin,Wethey,kwetheymu@ucoz.ru,Male
824,Andrej,Mityashev,amityashevmv@etsy.com,Male
825,Ulberto,Catley,ucatleymw@wp.com,Male
826,Mayer,Trundle,mtrundlemx@deliciousdays.com,Male
827,Esdras,Wigginton,ewiggintonmy@parallels.com,Male
828,Loise,Hartles,lhartlesmz@nymag.com,Female
829,Rubina,Mougeot,rmougeotn0@bluehost.com,Female
830,Abbe,Rangle,aranglen1@businesswire.com,Bigender
831,Jens,Lyte,jlyten2@pen.io,Male
832,Hi,Matterdace,hmatterdacen3@macromedia.com,Male
833,Orland,Abrahami,oabrahamin4@geocities.com,Male
834,Bradford,Stallworth,bstallworthn5@loc.gov,Male
835,Nicoli,Corneliussen,ncorneliussenn6@drupal.org,Female
836,Temp,Wallicker,twallickern7@gizmodo.com,Male
837,Gayel,Marcone,gmarconen8@spiegel.de,Female
838,Helga,Cant,hcantn9@google.co.jp,Genderqueer
839,Bobbie,Schimek,bschimekna@forbes.com,Male
840,Donnie,Burtwhistle,dburtwhistlenb@noaa.gov,Female
841,Lazaro,Pergens,lpergensnc@reverbnation.com,Male
842,Victoir,Wagon,vwagonnd@reuters.com,Male
843,Leontyne,Crosscombe,lcrosscombene@msu.edu,Female
844,Hally,Le Pine,hlepinenf@wired.com,Female
845,Jarad,Rennie,jrennieng@si.edu,Non-binary
846,Peggi,Forson,pforsonnh@webeden.co.uk,Female
847,Eyde,Pawellek,epawellekni@usatoday.com,Female
848,Alfonso,Krink,akrinknj@github.com,Male
849,Emery,Drohane,edrohanenk@buzzfeed.com,Male
850,Constantia,Soro,csoronl@goo.gl,Female
851,Judy,Chuney,jchuneynm@pagesperso-orange.fr,Female
852,Sibelle,Lovatt,slovattnn@google.com.au,Female
853,Brit,Bonnefin,bbonnefinno@is.gd,Male
854,Lynnea,Borghese,lborghesenp@barnesandnoble.com,Female
855,Damiano,Calderon,dcalderonnq@craigslist.org,Male
856,Letta,Shinefield,lshinefieldnr@wisc.edu,Female
857,Freeman,Roscoe,froscoens@alibaba.com,Male
858,Rog,Coneau,rconeaunt@sourceforge.net,Male
859,Pen,Sailes,psailesnu@taobao.com,Female
860,Dionisio,Haighton,dhaightonnv@time.com,Male
861,Lewie,Bjorkan,lbjorkannw@eventbrite.com,Bigender
862,Erskine,Ferruzzi,eferruzzinx@bloglovin.com,Male
863,Frederica,Cassimer,fcassimerny@hexun.com,Female
864,Cinda,Martinho,cmartinhonz@php.net,Female
865,Babs,Shaddock,bshaddocko0@wordpress.org,Female
866,Abey,Goldsbrough,agoldsbrougho1@springer.com,Bigender
867,Fenelia,Akett,faketto2@aboutads.info,Female
868,Jere,Matiebe,jmatiebeo3@pcworld.com,Female
869,Casar,Ratchford,cratchfordo4@biblegateway.com,Male
870,Jasen,Giacomo,jgiacomoo5@dailymail.co.uk,Male
871,Balduin,Tansley,btansleyo6@seattletimes.com,Male
872,Miguel,D'Agostino,mdagostinoo7@discovery.com,Genderqueer
873,Bidget,Worden,bwordeno8@tuttocitta.it,Polygender
874,Cleavland,Saiz,csaizo9@wufoo.com,Male
875,Nadia,Inkster,ninksteroa@mozilla.org,Female
876,Rosabel,Brauninger,rbrauningerob@nbcnews.com,Female
877,Viole,Romanetti,vromanettioc@is.gd,Agender
878,Arni,Lambdin,alambdinod@last.fm,Bigender
879,Granthem,Olland,gollandoe@shinystat.com,Male
880,Kimberli,Chumley,kchumleyof@theatlantic.com,Female
881,Chadd,Pochin,cpochinog@admin.ch,Male
882,Derrick,Gile,dgileoh@t-online.de,Male
883,Julienne,Eddisforth,jeddisforthoi@smh.com.au,Female
884,Tabbie,Lilion,tlilionoj@arstechnica.com,Male
885,Garth,Wilks,gwilksok@arizona.edu,Male
886,Spike,Gubbins,sgubbinsol@spotify.com,Agender
887,Jamaal,Passman,jpassmanom@nbcnews.com,Male
888,Bonny,Ayliffe,bayliffeon@joomla.org,Female
889,Ellwood,Dureden,eduredenoo@google.ru,Male
890,Mitch,McNuff,mmcnuffop@noaa.gov,Male
891,Joella,Curlis,jcurlisoq@netlog.com,Female
892,Arlee,Kyd,akydor@hc360.com,Female
893,Marwin,Pietrusiak,mpietrusiakos@marriott.com,Male
894,Rhianna,Picken,rpickenot@cmu.edu,Female
895,Elyssa,Brydie,ebrydieou@cmu.edu,Female
896,Gannon,Le Marquand,glemarquandov@elpais.com,Male
897,Lucian,Thibodeaux,lthibodeauxow@earthlink.net,Male
898,Valentia,Seabon,vseabonox@shutterfly.com,Female
899,Sibbie,McNuff,smcnuffoy@ucsd.edu,Female
900,Maxy,Fidgeon,mfidgeonoz@fc2.com,Male
901,Flossi,Steffan,fsteffanp0@sohu.com,Female
902,Townie,Reames,treamesp1@toplist.cz,Male
903,Louise,Avrahm,lavrahmp2@myspace.com,Female
904,Audy,Goward,agowardp3@photobucket.com,Female
905,Dot,Sheraton,dsheratonp4@acquirethisname.com,Genderfluid
906,Lissy,Ayliff,layliffp5@com.com,Female
907,Ive,Seedull,iseedullp6@huffingtonpost.com,Male
908,Krisha,Brodley,kbrodleyp7@princeton.edu,Male
909,Alexi,Durning,adurningp8@theglobeandmail.com,Female
910,Tannie,Jado,tjadop9@japanpost.jp,Male
911,Sara-ann,Croxon,scroxonpa@weebly.com,Female
912,Joey,Bartlosz,jbartloszpb@tripod.com,Female
913,Bary,Tendahl,btendahlpc@51.la,Male
914,Dorette,Muscott,dmuscottpd@e-recht24.de,Female
915,Humfried,Schaffel,hschaffelpe@fastcompany.com,Male
916,Clayson,Jakubovsky,cjakubovskypf@tiny.cc,Agender
917,Loren,Vedeshkin,lvedeshkinpg@youtu.be,Male
918,Dana,Langfitt,dlangfittph@irs.gov,Male
919,Maryanna,McLagan,mmclaganpi@yahoo.com,Female
920,Staci,Temby,stembypj@exblog.jp,Female
921,Lancelot,Benedick,lbenedickpk@blogspot.com,Male
922,Jordana,Danilowicz,jdanilowiczpl@berkeley.edu,Female
923,Peadar,Timlett,ptimlettpm@accuweather.com,Male
924,Lammond,Ogger,loggerpn@nyu.edu,Male
925,Ignazio,Binion,ibinionpo@storify.com,Male
926,Hershel,Kobiera,hkobierapp@livejournal.com,Male
927,Rik,Rourke,rrourkepq@apple.com,Male
928,Nathalie,Brooker,nbrookerpr@yahoo.co.jp,Female
929,Garnette,McAlroy,gmcalroyps@statcounter.com,Female
930,Cristian,Barwell,cbarwellpt@noaa.gov,Male
931,Donielle,Coenraets,dcoenraetspu@google.fr,Female
932,Adelina,Clink,aclinkpv@nba.com,Female
933,Gordy,Gildersleaves,ggildersleavespw@skyrock.com,Male
934,Sondra,Yandell,syandellpx@tiny.cc,Female
935,Herbie,Johncey,hjohnceypy@washington.edu,Male
936,Burnard,Cass,bcasspz@thetimes.co.uk,Male
937,Janeen,Benneyworth,jbenneyworthq0@artisteer.com,Female
938,Jakob,Kellegher,jkellegherq1@t.co,Male
939,Padraic,Twelvetree,ptwelvetreeq2@ezinearticles.com,Male
940,Elena,Danett,edanettq3@purevolume.com,Female
941,Eden,Piquard,epiquardq4@fastcompany.com,Female
942,Hadley,Nesterov,hnesterovq5@t.co,Male
943,Sherlocke,Towner,stownerq6@dell.com,Male
944,Doe,Burling,dburlingq7@goo.gl,Female
945,Caril,Blade,cbladeq8@youtu.be,Female
946,Fonzie,Fitzsimons,ffitzsimonsq9@bbc.co.uk,Male
947,Cacilie,Girodier,cgirodierqa@addtoany.com,Female
948,Vlad,Brittian,vbrittianqb@theatlantic.com,Male
949,Kirstyn,Ateggart,kateggartqc@slideshare.net,Agender
950,Xylina,D'Alessio,xdalessioqd@intel.com,Female
951,Vasili,Mation,vmationqe@t-online.de,Male
952,Daniella,Hanington,dhaningtonqf@vkontakte.ru,Female
953,Alessandro,Snarie,asnarieqg@umich.edu,Genderfluid
954,Quintana,Claybourne,qclaybourneqh@pen.io,Female
955,Jephthah,Askam,jaskamqi@cdc.gov,Male
956,Chicky,Ginty,cgintyqj@mashable.com,Male
957,Morse,Poile,mpoileqk@cornell.edu,Non-binary
958,Emyle,Wasling,ewaslingql@arstechnica.com,Female
959,Doro,Mines,dminesqm@t.co,Genderfluid
960,Charlena,MacAnellye,cmacanellyeqn@loc.gov,Female
961,Philly,Egginton,peggintonqo@jalbum.net,Female
962,Tremaine,Innocent,tinnocentqp@arizona.edu,Genderfluid
963,Herrick,Moro,hmoroqq@bandcamp.com,Male
964,Colette,Petche,cpetcheqr@netlog.com,Female
965,Leif,Cleyburn,lcleyburnqs@photobucket.com,Male
966,Laure,Bletsor,lbletsorqt@scientificamerican.com,Female
967,Angela,Crush,acrushqu@facebook.com,Female
968,Darby,Kinsley,dkinsleyqv@plala.or.jp,Male
969,Bertha,Clawsley,bclawsleyqw@microsoft.com,Female
970,Jennie,Gamlin,jgamlinqx@example.com,Female
971,Aguie,Coate,acoateqy@jugem.jp,Agender
972,Obadias,Abade,oabadeqz@xrea.com,Male
973,Wells,Sterland,wsterlandr0@army.mil,Non-binary
974,Armand,Lufkin,alufkinr1@lulu.com,Male
975,Alden,Stanford,astanfordr2@utexas.edu,Male
976,Rob,Hulls,rhullsr3@ox.ac.uk,Male
977,Leanna,Sutworth,lsutworthr4@si.edu,Female
978,Janel,Mation,jmationr5@cmu.edu,Female
979,Wilek,Maddaford,wmaddafordr6@fotki.com,Male
980,Cate,Paulazzi,cpaulazzir7@paginegialle.it,Female
981,Teresita,Whitwam,twhitwamr8@ebay.com,Female
982,Veronique,Mussotti,vmussottir9@oracle.com,Bigender
983,Holly,Greenless,hgreenlessra@bravesites.com,Female
984,Angelica,Truman,atrumanrb@smugmug.com,Female
985,Natka,Twiddell,ntwiddellrc@delicious.com,Female
986,Grantham,Scollan,gscollanrd@taobao.com,Male
987,Sylvester,Terrans,sterransre@miitbeian.gov.cn,Male
988,Lyda,Hardan,lhardanrf@biblegateway.com,Female
989,Ralina,MacKegg,rmackeggrg@artisteer.com,Female
990,Horton,MacMaykin,hmacmaykinrh@hugedomains.com,Male
991,Terri,Still,tstillri@vinaora.com,Male
992,Forest,Finnimore,ffinnimorerj@youku.com,Male
993,Carlynne,Jannequin,cjannequinrk@twitpic.com,Female
994,Berty,Leyninye,bleyninyerl@google.pl,Female
995,Adda,Grishelyov,agrishelyovrm@wix.com,Female
996,Garik,Mylan,gmylanrn@edublogs.org,Genderfluid
997,Aveline,Harmon,aharmonro@va.gov,Female
998,Uta,Brevetor,ubrevetorrp@cpanel.net,Female
999,Crin,Baldwin,cbaldwinrq@alexa.com,Female
1000,Law,Conner,lconnerrr@amazon.com,Male
